{"cameraMode":{"drawMode":0,"name":"Shaded","section":"Shading Mode"},"sceneLighting":false,"audioPlay":false,"sceneViewState":{"m_AlwaysRefresh":false,"showFog":true,"showSkybox":false,"showFlares":true,"showImageEffects":true,"showParticleSystems":true,"showVisualEffectGraphs":true,"m_FxEnabled":true},"in2DMode":false,"pivot":{"x":-1.8365728855133057,"y":-2.0817043781280519,"z":-17.766237258911134},"rotation":{"x":0.002371549839153886,"y":-0.9958449602127075,"z":0.08685790747404099,"w":0.027188895270228387},"size":11.292972564697266,"orthographic":false}