{"cameraMode":{"drawMode":0,"name":"Shaded","section":"Shading Mode"},"sceneLighting":false,"audioPlay":false,"sceneViewState":{"m_AlwaysRefresh":false,"showFog":true,"showSkybox":false,"showFlares":true,"showImageEffects":true,"showParticleSystems":true,"showVisualEffectGraphs":true,"m_FxEnabled":true},"in2DMode":false,"pivot":{"x":-0.9906972646713257,"y":1.5701165199279786,"z":-1.066758632659912},"rotation":{"x":0.05986139178276062,"y":0.05836135894060135,"z":-0.0035058895591646435,"w":0.9964923858642578},"size":1.8119029998779297,"orthographic":false}