{"cameraMode":{"drawMode":0,"name":"Shaded","section":"Shading Mode"},"sceneLighting":false,"audioPlay":false,"sceneViewState":{"m_AlwaysRefresh":false,"showFog":true,"showSkybox":false,"showFlares":true,"showImageEffects":true,"showParticleSystems":true,"showVisualEffectGraphs":true,"m_FxEnabled":true},"in2DMode":false,"pivot":{"x":-0.1595352590084076,"y":0.34004050493240359,"z":-0.25550377368927},"rotation":{"x":0.004151637200266123,"y":-0.9947315454483032,"z":0.04479359835386276,"w":0.09217306971549988},"size":0.8605768084526062,"orthographic":false}