{"cameraMode":{"drawMode":0,"name":"Shaded","section":"Shading Mode"},"sceneLighting":true,"audioPlay":false,"sceneViewState":{"m_AlwaysRefresh":false,"showFog":true,"showSkybox":true,"showFlares":true,"showImageEffects":true,"showParticleSystems":true,"showVisualEffectGraphs":true,"m_FxEnabled":true},"in2DMode":false,"pivot":{"x":-0.636012852191925,"y":-0.39329367876052859,"z":5.48454475402832},"rotation":{"x":0.09881209582090378,"y":-0.023281505331397058,"z":0.0023123424034565689,"w":0.9948338866233826},"size":3.007394790649414,"orthographic":false}