{"cameraMode":{"drawMode":0,"name":"Shaded","section":"Shading Mode"},"sceneLighting":true,"audioPlay":false,"sceneViewState":{"m_AlwaysRefresh":false,"showFog":true,"showSkybox":true,"showFlares":true,"showImageEffects":true,"showParticleSystems":true,"showVisualEffectGraphs":true,"m_FxEnabled":true},"in2DMode":false,"pivot":{"x":-28.762920379638673,"y":3.946310520172119,"z":46.80638122558594},"rotation":{"x":0.05597347021102905,"y":-0.3580761253833771,"z":0.021510135382413865,"w":0.9317636489868164},"size":34.531986236572269,"orthographic":false}