{"cameraMode":{"drawMode":0,"name":"Shaded","section":"Shading Mode"},"sceneLighting":true,"audioPlay":false,"sceneViewState":{"m_AlwaysRefresh":false,"showFog":true,"showSkybox":true,"showFlares":true,"showImageEffects":true,"showParticleSystems":true,"showVisualEffectGraphs":true,"m_FxEnabled":true},"in2DMode":false,"pivot":{"x":23.205961227416993,"y":8.508588790893555,"z":347.2298889160156},"rotation":{"x":-0.0030000642873346807,"y":-0.0038979321252554657,"z":-0.00001194122523884289,"w":0.999995768070221},"size":188.17764282226563,"orthographic":false}