{"cameraMode":{"drawMode":0,"name":"Shaded","section":"Shading Mode"},"sceneLighting":false,"audioPlay":false,"sceneViewState":{"m_AlwaysRefresh":false,"showFog":true,"showSkybox":false,"showFlares":true,"showImageEffects":true,"showParticleSystems":true,"showVisualEffectGraphs":true,"m_FxEnabled":true},"in2DMode":false,"pivot":{"x":-0.18881955742835999,"y":0.36598455905914309,"z":0.04389965534210205},"rotation":{"x":0.08240557461977005,"y":-0.004484678152948618,"z":0.0003708272706717253,"w":0.9965883493423462},"size":0.8039104342460632,"orthographic":false}