{"cameraMode":{"drawMode":0,"name":"Shaded","section":"Shading Mode"},"sceneLighting":false,"audioPlay":false,"sceneViewState":{"m_AlwaysRefresh":false,"showFog":true,"showSkybox":false,"showFlares":true,"showImageEffects":true,"showParticleSystems":true,"showVisualEffectGraphs":true,"m_FxEnabled":true},"in2DMode":false,"pivot":{"x":0.6661764979362488,"y":-0.29313206672668459,"z":21.233930587768556},"rotation":{"x":0.04198603704571724,"y":0.009285890497267247,"z":-0.00039249021210707724,"w":0.9990735650062561},"size":11.693201065063477,"orthographic":false}