{"cameraMode":{"drawMode":0,"name":"Shaded","section":"Shading Mode"},"sceneLighting":false,"audioPlay":false,"sceneViewState":{"m_AlwaysRefresh":false,"showFog":true,"showSkybox":false,"showFlares":true,"showImageEffects":true,"showParticleSystems":true,"showVisualEffectGraphs":true,"m_FxEnabled":true},"in2DMode":false,"pivot":{"x":-0.04487498849630356,"y":1.6543395519256592,"z":-0.09256696701049805},"rotation":{"x":0.05546073988080025,"y":0.0197634045034647,"z":-0.001100176596082747,"w":0.9982686042785645},"size":2.412435531616211,"orthographic":false}